Nutrient,Target,Prediction
Protein,6.9086375,6.7298183
Total Fat,12.465509,11.528922
"Sodium, Na",0.8898974,0.31292307
Total Sugar,14.376655,14.758333
Total Fiber,2.1659918,2.000608
